url,scraped_at,html_size_kb,total_assets,total_size_kb,image_count,script_count,css_count,font_count,media_count,other_count,image_total_kb,script_total_kb,css_total_kb,font_total_kb,media_total_kb,image_avg_kb,script_avg_kb,css_avg_kb,font_avg_kb,max_single_asset_kb,max_image_kb,max_script_kb,red_asset_count,amber_asset_count,green_asset_count,image_pct_of_weight,script_pct_of_weight,total_co2_grams,grade,score
https://www.bbc.co.uk,2026-07-13T14:16:03.678337,720.79,80,3164.36,80,0,0,0,0,0,2443.57,0.0,0.0,0.0,0.0,30.54,0,0,0,252.53,252.53,0.0,0,14,66,77.2,0.0,1.160095,F,10
https://www.cnn.com,2026-07-13T14:16:05.805140,552.49,0,552.49,0,0,0,0,0,0,0.0,0.0,0.0,0.0,0.0,0,0,0,0,0.0,0.0,0.0,0,0,0,0.0,0.0,0.202551,B+,78
https://www.theguardian.com,2026-07-13T14:16:10.101375,1493.79,80,2741.4,80,0,0,0,0,0,1247.61,0.0,0.0,0.0,0.0,15.6,0,0,0,56.57,56.57,0.0,0,3,77,45.5,0.0,1.005032,F,10
https://www.reddit.com,2026-07-13T14:16:12.056887,8.23,1,12.02,1,0,0,0,0,0,3.79,0.0,0.0,0.0,0.0,3.79,0,0,0,3.79,3.79,0.0,0,0,1,31.6,0.0,0.004407,A+,96
https://www.ebay.co.uk,2026-07-13T14:16:15.988144,467.54,80,5983.75,77,3,0,0,0,0,5484.73,31.48,0.0,0.0,0.0,71.23,10.49,0,0,237.51,237.51,29.7,0,33,47,91.7,0.5,2.193719,F,10
https://www.amazon.co.uk,2026-07-13T14:16:17.982142,1.96,1,1344.33,0,1,0,0,0,0,0.0,1342.36,0.0,0.0,0.0,0,1342.36,0,0,1342.36,0.0,1342.36,1,0,0,0.0,99.9,0.492847,B,65
https://www.dailymail.co.uk,2026-07-13T14:16:24.253887,1369.9,80,2495.78,80,0,0,0,0,0,1125.88,0.0,0.0,0.0,0.0,14.07,0,0,0,79.72,79.72,0.0,0,3,77,45.1,0.0,0.914985,F,10
https://www.independent.co.uk,2026-07-13T14:16:26.663910,57.66,0,57.66,0,0,0,0,0,0,0.0,0.0,0.0,0.0,0.0,0,0,0,0,0.0,0.0,0.0,0,0,0,0.0,0.0,0.021138,A+,96
https://www.mirror.co.uk,2026-07-13T14:16:29.043863,55.16,0,55.16,0,0,0,0,0,0,0.0,0.0,0.0,0.0,0.0,0,0,0,0,0.0,0.0,0.0,0,0,0,0.0,0.0,0.020223,A+,96
https://www.express.co.uk,2026-07-13T14:16:33.759606,401.1,80,1614.46,80,0,0,0,0,0,1213.36,0.0,0.0,0.0,0.0,15.17,0,0,0,278.91,278.91,0.0,0,5,75,75.2,0.0,0.591883,C,50
https://www.github.com,2026-07-13T14:16:36.765817,563.14,75,3617.87,17,58,0,0,0,0,1954.94,1099.78,0.0,0.0,0.0,115.0,18.96,0,0,208.3,208.3,138.21,0,21,54,54.0,30.4,1.326355,F,10
https://www.stackoverflow.com,2026-07-13T14:16:40.422373,273.89,20,335.77,18,2,0,0,0,0,23.56,38.32,0.0,0.0,0.0,1.31,19.16,0,0,29.75,7.23,29.75,0,1,19,7.0,11.4,0.123099,A,88
https://www.mozilla.org,2026-07-13T14:16:42.829743,18.8,0,18.8,0,0,0,0,0,0,0.0,0.0,0.0,0.0,0.0,0,0,0,0,0.0,0.0,0.0,0,0,0,0.0,0.0,0.006892,A+,96
https://www.python.org,2026-07-13T14:16:45.786791,51.27,15,387.53,3,8,4,0,0,0,32.54,148.97,154.75,0.0,0.0,10.85,18.62,38.69,0,122.42,15.4,66.36,1,2,12,8.4,38.4,0.142074,A,88
https://fastapi.tiangolo.com,2026-07-13T14:16:47.386338,21.58,0,21.58,0,0,0,0,0,0,0.0,0.0,0.0,0.0,0.0,0,0,0,0,0.0,0.0,0.0,0,0,0,0.0,0.0,0.007912,A+,96
https://www.postgresql.org,2026-07-13T14:16:51.438579,24.54,8,129.03,3,2,3,0,0,0,60.18,2.18,42.12,0.0,0.0,20.06,1.09,14.04,0,49.1,49.1,2.0,0,2,6,46.6,1.7,0.047303,A+,96
https://www.debian.org,2026-07-13T14:16:56.694786,15.43,20,2223.13,16,0,4,0,0,0,2201.85,0.0,5.86,0.0,0.0,137.62,0,1.46,0,843.31,843.31,0.0,2,4,14,99.0,0.0,0.815029,D,35
https://www.ubuntu.com,2026-07-13T14:17:00.263025,31.17,0,31.17,0,0,0,0,0,0,0.0,0.0,0.0,0.0,0.0,0,0,0,0,0.0,0.0,0.0,0,0,0,0.0,0.0,0.011427,A+,96
https://www.raspberrypi.org,2026-07-13T14:17:01.872156,11.22,0,11.22,0,0,0,0,0,0,0.0,0.0,0.0,0.0,0.0,0,0,0,0,0.0,0.0,0.0,0,0,0,0.0,0.0,0.004115,A+,96
https://www.cam.ac.uk,2026-07-13T14:17:08.513445,107.94,33,2249.73,23,5,5,0,0,0,577.73,1526.17,37.9,0.0,0.0,25.12,305.23,7.58,0,1433.75,98.47,1433.75,1,3,29,25.7,67.8,0.824778,D,35
https://www.ucl.ac.uk,2026-07-13T14:17:13.862648,118.73,59,1848.62,43,11,5,0,0,0,1697.64,29.82,2.44,0.0,0.0,39.48,2.71,0.49,0,422.85,422.85,14.92,1,7,51,91.8,1.6,0.677728,D,35
https://www.imperial.ac.uk,2026-07-13T14:17:18.078542,47.11,41,383.42,32,5,2,2,0,0,22.4,112.45,92.26,109.2,0.0,0.7,22.49,46.13,54.6,97.6,1.12,51.38,0,4,37,5.8,29.3,0.140565,A,88
https://www.ed.ac.uk,2026-07-13T14:17:20.204351,48.36,22,947.61,15,5,2,0,0,0,703.12,110.47,85.65,0.0,0.0,46.88,22.09,42.83,0,136.86,136.86,52.95,0,9,13,74.2,11.7,0.347404,B,65
https://www.manchester.ac.uk,2026-07-13T14:17:24.656470,68.42,36,809.47,20,12,4,0,0,0,432.79,199.38,108.88,0.0,0.0,21.64,16.62,27.22,0,87.4,87.35,87.4,0,7,29,53.5,24.6,0.296763,B+,78
https://www.bristol.ac.uk,2026-07-13T14:17:28.483761,87.8,17,1329.35,6,7,4,0,0,0,777.08,264.52,199.94,0.0,0.0,129.51,37.79,49.98,0,731.86,731.86,123.53,2,4,11,58.5,19.9,0.487355,B,65
https://www.warwick.ac.uk,2026-07-13T14:17:34.422318,91.86,79,2553.62,79,0,0,0,0,0,2461.76,0.0,0.0,0.0,0.0,31.16,0,0,0,159.63,159.63,0.0,0,23,56,96.4,0.0,0.936187,F,10
https://www.leeds.ac.uk,2026-07-13T14:17:39.681438,70.65,19,610.9,15,3,1,0,0,0,435.09,43.04,62.12,0.0,0.0,29.01,14.35,62.12,0,67.31,67.31,39.87,0,7,12,71.2,7.0,0.223963,B+,78
https://www.greenpeace.org,2026-07-13T14:17:42.558988,1.18,0,1.18,0,0,0,0,0,0,0.0,0.0,0.0,0.0,0.0,0,0,0,0,0.0,0.0,0.0,0,0,0,0.0,0.0,0.000433,A+,96
https://www.wwf.org.uk,2026-07-13T14:17:47.863117,71.94,76,6146.12,53,16,7,0,0,0,5893.17,131.47,49.55,0.0,0.0,111.19,8.22,7.08,0,771.02,771.02,81.14,3,29,44,95.9,2.1,2.253244,F,10
https://www.foe.co.uk,2026-07-13T14:17:52.226765,15.63,0,15.63,0,0,0,0,0,0,0.0,0.0,0.0,0.0,0.0,0,0,0,0,0.0,0.0,0.0,0,0,0,0.0,0.0,0.00573,A+,96
https://www.sustainablewebdesign.org,2026-07-13T14:17:56.485961,11.32,0,11.32,0,0,0,0,0,0,0.0,0.0,0.0,0.0,0.0,0,0,0,0,0.0,0.0,0.0,0,0,0,0.0,0.0,0.004149,A+,96
https://www.thegreenwebfoundation.org,2026-07-13T14:17:58.845287,24.7,0,24.7,0,0,0,0,0,0,0.0,0.0,0.0,0.0,0.0,0,0,0,0,0.0,0.0,0.0,0,0,0,0.0,0.0,0.009055,A+,96
https://www.websitecarbon.com,2026-07-13T14:18:01.702733,14.87,0,14.87,0,0,0,0,0,0,0.0,0.0,0.0,0.0,0.0,0,0,0,0,0.0,0.0,0.0,0,0,0,0.0,0.0,0.00545,A+,96
https://www.carbontrust.com,2026-07-13T14:18:10.664797,123.5,25,4436.88,21,4,0,0,0,0,3937.74,375.64,0.0,0.0,0.0,187.51,93.91,0,0,1177.83,1177.83,337.33,4,5,16,88.8,8.5,1.626617,F,10
https://www.clientearth.org,2026-07-13T14:18:21.177138,113.33,48,3932.23,16,19,13,0,0,0,2614.03,1073.48,131.39,0.0,0.0,163.38,56.5,10.11,0,1054.52,1054.52,419.09,4,9,35,66.5,27.3,1.441605,F,10
https://www.climatecouncil.org.au,2026-07-13T14:18:23.480280,31.88,0,31.88,0,0,0,0,0,0,0.0,0.0,0.0,0.0,0.0,0,0,0,0,0.0,0.0,0.0,0,0,0,0.0,0.0,0.011686,A+,96
https://www.cooleffect.org,2026-07-13T14:18:35.195091,338.95,73,2127.75,11,39,11,12,0,0,105.07,508.93,283.73,891.07,0.0,9.55,13.05,25.79,74.26,168.79,42.01,74.62,1,20,52,4.9,23.9,0.78006,D,35
https://www.zara.com,2026-07-13T14:18:38.608213,2.09,0,2.09,0,0,0,0,0,0,0.0,0.0,0.0,0.0,0.0,0,0,0,0,0.0,0.0,0.0,0,0,0,0.0,0.0,0.000766,A+,96
https://www.ikea.com,2026-07-13T14:18:42.600017,183.91,0,183.91,0,0,0,0,0,0,0.0,0.0,0.0,0.0,0.0,0,0,0,0,0.0,0.0,0.0,0,0,0,0.0,0.0,0.067424,A+,96
https://www.next.co.uk,2026-07-13T14:19:22.276269,655.08,78,3029.49,50,28,0,0,0,0,1945.07,429.34,0.0,0.0,0.0,38.9,15.33,0,0,134.09,134.09,65.63,0,19,59,64.2,14.2,1.110649,F,10
https://www.marksandspencer.com,2026-07-13T14:19:25.992992,546.88,52,6101.2,52,0,0,0,0,0,5554.33,0.0,0.0,0.0,0.0,106.81,0,0,0,536.1,536.1,0.0,9,12,31,91.0,0.0,2.236777,F,10
https://www.example.com,2026-07-13T14:19:29.522695,0.31,0,0.31,0,0,0,0,0,0,0.0,0.0,0.0,0.0,0.0,0,0,0,0,0.0,0.0,0.0,0,0,0,0.0,0.0,0.000114,A+,96
https://motherfuckingwebsite.com,2026-07-13T14:19:32.303007,1.97,0,1.97,0,0,0,0,0,0,0.0,0.0,0.0,0.0,0.0,0,0,0,0,0.0,0.0,0.0,0,0,0,0.0,0.0,0.000721,A+,96
https://perfectmotherfuckingwebsite.com,2026-07-13T14:19:34.725581,4.4,1,4.7,0,0,1,0,0,0,0.0,0.0,0.3,0.0,0.0,0,0,0.3,0,0.3,0.0,0.0,0,0,1,0.0,0.0,0.001722,A+,96
https://txti.es,2026-07-13T14:19:37.504076,1.03,0,1.03,0,0,0,0,0,0,0.0,0.0,0.0,0.0,0.0,0,0,0,0,0.0,0.0,0.0,0,0,0,0.0,0.0,0.000379,A+,96
https://info.cern.ch,2026-07-13T14:19:39.704323,0.63,0,0.63,0,0,0,0,0,0,0.0,0.0,0.0,0.0,0.0,0,0,0,0,0.0,0.0,0.0,0,0,0,0.0,0.0,0.000231,A+,96
https://lite.cnn.com,2026-07-13T14:19:41.454601,39.04,0,39.04,0,0,0,0,0,0,0.0,0.0,0.0,0.0,0.0,0,0,0,0,0.0,0.0,0.0,0,0,0,0.0,0.0,0.014311,A+,96
https://text.npr.org,2026-07-13T14:19:44.195423,5.89,0,5.89,0,0,0,0,0,0,0.0,0.0,0.0,0.0,0.0,0,0,0,0,0.0,0.0,0.0,0,0,0,0.0,0.0,0.00216,A+,96
https://en.m.wikipedia.org/wiki/Main_Page,2026-07-13T14:19:46.805448,247.17,47,637.86,44,1,2,0,0,0,344.12,21.11,25.45,0.0,0.0,7.82,21.11,12.73,0,82.08,82.08,21.11,0,2,45,53.9,3.3,0.233846,B+,78
https://www.iana.org,2026-07-13T14:19:49.225736,1.19,0,1.19,0,0,0,0,0,0,0.0,0.0,0.0,0.0,0.0,0,0,0,0,0.0,0.0,0.0,0,0,0,0.0,0.0,0.000436,A+,96
https://www.gov.uk,2026-07-13T14:19:52.494940,10.98,0,10.98,0,0,0,0,0,0,0.0,0.0,0.0,0.0,0.0,0,0,0,0,0.0,0.0,0.0,0,0,0,0.0,0.0,0.004026,A+,96
https://www.nhs.uk,2026-07-13T14:19:55.184687,31.96,11,370.36,3,5,1,2,0,0,9.08,266.45,29.19,33.69,0.0,3.03,53.29,29.19,16.85,198.26,3.16,198.26,1,3,7,2.5,71.9,0.135778,A,88
https://www.bbc.co.uk/news,2026-07-13T14:20:00.755230,927.07,80,3947.01,80,0,0,0,0,0,3019.94,0.0,0.0,0.0,0.0,37.75,0,0,0,512.49,512.49,0.0,1,14,65,76.5,0.0,1.447024,F,10
https://www.ofsted.gov.uk,2026-07-13T14:20:04.952377,16.45,0,16.45,0,0,0,0,0,0,0.0,0.0,0.0,0.0,0.0,0,0,0,0,0.0,0.0,0.0,0,0,0,0.0,0.0,0.006032,A+,96
https://www.legislation.gov.uk,2026-07-13T14:20:08.905957,17.86,17,169.61,4,8,5,0,0,0,45.57,55.18,51.0,0.0,0.0,11.39,6.9,10.2,0,36.46,36.46,26.89,0,2,15,26.9,32.5,0.062181,A+,96
https://ec.europa.eu,2026-07-13T14:20:12.858227,16.42,4,48.46,1,3,0,0,0,0,4.19,27.85,0.0,0.0,0.0,4.19,9.28,0,0,26.89,4.19,26.89,0,0,4,8.6,57.5,0.017765,A+,96
https://www.un.org,2026-07-13T14:20:15.486228,10.74,12,15427.63,3,3,6,0,0,0,15135.94,52.2,228.75,0.0,0.0,5045.31,17.4,38.13,0,15127.06,15127.06,29.62,2,3,7,98.1,0.3,5.655962,F,10
https://www.wikipedia.org,2026-07-13T14:20:17.566526,117.54,6,180.86,4,2,0,0,0,0,54.35,8.97,0.0,0.0,0.0,13.59,4.49,0,0,36.6,36.6,8.41,0,0,6,30.1,5.0,0.066307,A+,96
https://www.substack.com,2026-07-13T14:20:22.270157,15.54,0,15.54,0,0,0,0,0,0,0.0,0.0,0.0,0.0,0.0,0,0,0,0,0.0,0.0,0.0,0,0,0,0.0,0.0,0.005698,A+,96
https://hashnode.com,2026-07-13T14:20:29.287840,31.71,0,31.71,0,0,0,0,0,0,0.0,0.0,0.0,0.0,0.0,0,0,0,0,0.0,0.0,0.0,0,0,0,0.0,0.0,0.011627,A+,96
https://lobste.rs,2026-07-13T14:20:36.719024,57.41,49,100.44,45,0,4,0,0,0,42.55,0.0,0.49,0.0,0.0,0.95,0,0.12,0,2.7,2.7,0.0,0,0,49,42.4,0.0,0.036824,A+,96
https://news.ycombinator.com,2026-07-13T14:20:39.968779,33.69,4,35.85,2,1,1,0,0,0,1.08,0.54,0.54,0.0,0.0,0.54,0.54,0.54,0,0.54,0.54,0.54,0,0,4,3.0,1.5,0.013143,A+,96
https://www.indiehackers.com,2026-07-13T14:20:41.973267,29.05,0,29.05,0,0,0,0,0,0,0.0,0.0,0.0,0.0,0.0,0,0,0,0,0.0,0.0,0.0,0,0,0,0.0,0.0,0.010652,A+,96
